index,base,category,location,description,confidence,source_raw,data_mp4,data_cover,old_data_size_bytes,raw_size_bytes,duration_s,width,height,codec,bit_rate,status
2,ea8b266deca2d1ef1a4b73e746de627d,入境/接驳,大巴到酒店途中,旅游大巴/接驳车内部，乘客坐在车上前往下一站。,高,E:\wechat\xwechat_files\wxid_y96utu6cuc6p22_a45e\msg\video\2026-05\ea8b266deca2d1ef1a4b73e746de627d_raw.mp4,E:\Project\1600\data\01_入境口岸与接驳大巴\02_大巴到酒店途中_旅游大巴内部乘客前往下一站.mp4,E:\Project\1600\data\01_入境口岸与接驳大巴\02_大巴到酒店途中_旅游大巴内部乘客前往下一站.jpg,235626,3928181,2.1,1920,1080,hevc,14964499,已用原始视频替换 data 中同编号 mp4，并重抽封面与关键帧
3,f5f02f235412326afcc03abf6066cfb1,入境/集合,横琴口岸周边商业楼和停车道路旁,横琴口岸周边商业楼和停车道路旁，同学在户外步行/集合转场，背景有大型玻璃建筑、商铺招牌和城市高楼。,中高,E:\wechat\xwechat_files\wxid_y96utu6cuc6p22_a45e\msg\video\2026-05\f5f02f235412326afcc03abf6066cfb1_raw.mp4,E:\Project\1600\data\01_入境口岸与接驳大巴\03_口岸或交通接驳区_户外道路旁同学集合.mp4,E:\Project\1600\data\01_入境口岸与接驳大巴\03_口岸或交通接驳区_户外道路旁同学集合.jpg,1110229,12447037,7.1,1920,1080,hevc,14021538,已用原始视频替换 data 中同编号 mp4，并重抽封面与关键帧
4,2c989b2ac90e6437aff4d6fc894efc58,口岸,口岸/通关大厅,明亮室内大厅、导向牌和通行空间，像在口岸或交通枢纽内。,高,E:\wechat\xwechat_files\wxid_y96utu6cuc6p22_a45e\msg\video\2026-05\2c989b2ac90e6437aff4d6fc894efc58_raw.mp4,E:\Project\1600\data\01_入境口岸与接驳大巴\04_口岸通关大厅_明亮大厅导向牌和通行空间.mp4,E:\Project\1600\data\01_入境口岸与接驳大巴\04_口岸通关大厅_明亮大厅导向牌和通行空间.jpg,739612,10965933,6.4,1920,1080,hevc,13703846,已用原始视频替换 data 中同编号 mp4，并重抽封面与关键帧
5,b36bdb212b3aa013abbb9b149088c7cd,口岸,口岸/通关排队区,人群沿栏杆排队前进，符合通关或出入口动线。,高,E:\wechat\xwechat_files\wxid_y96utu6cuc6p22_a45e\msg\video\2026-05\b36bdb212b3aa013abbb9b149088c7cd_raw.mp4,E:\Project\1600\data\01_入境口岸与接驳大巴\05_口岸通关排队区_人群沿栏杆排队前进.mp4,E:\Project\1600\data\01_入境口岸与接驳大巴\05_口岸通关排队区_人群沿栏杆排队前进.jpg,542085,7453146,4.35,1920,1080,hevc,13696440,已用原始视频替换 data 中同编号 mp4，并重抽封面与关键帧
6,8a4d593cbc9967463131b9d24d3dbd3b,入境/接驳,口岸外交通接驳区,画面有大巴、道路和上车人群，像从口岸外换乘。,高,E:\wechat\xwechat_files\wxid_y96utu6cuc6p22_a45e\msg\video\2026-05\8a4d593cbc9967463131b9d24d3dbd3b_raw.mp4,E:\Project\1600\data\01_入境口岸与接驳大巴\06_口岸外交通接驳区_大巴道路和上车人群.mp4,E:\Project\1600\data\01_入境口岸与接驳大巴\06_口岸外交通接驳区_大巴道路和上车人群.jpg,1050506,14671484,8.62,1920,1080,hevc,13608332,已用原始视频替换 data 中同编号 mp4，并重抽封面与关键帧
7,83fa9efb3a7bb7be42f9b4fa975a9818,交通途中,大巴行驶途中,从车窗拍高架道路和口岸/桥梁式设施，属于路上移动镜头。,高,E:\wechat\xwechat_files\wxid_y96utu6cuc6p22_a45e\msg\video\2026-05\83fa9efb3a7bb7be42f9b4fa975a9818_raw.mp4,E:\Project\1600\data\01_入境口岸与接驳大巴\07_大巴行驶途中_车窗外高架道路和口岸设施.mp4,E:\Project\1600\data\01_入境口岸与接驳大巴\07_大巴行驶途中_车窗外高架道路和口岸设施.jpg,686878,9800872,5.5,1920,1080,hevc,14251494,已用原始视频替换 data 中同编号 mp4，并重抽封面与关键帧
8,2771e590bd61b9652c7dc26eec186569,路氹车窗外景,路氹/金光大道一带,可见巴黎铁塔造型地标和大型酒店建筑，像接近路氹度假区。,高,E:\wechat\xwechat_files\wxid_y96utu6cuc6p22_a45e\msg\video\2026-05\2771e590bd61b9652c7dc26eec186569_raw.mp4,E:\Project\1600\data\02_酒店娱乐场与路氹车窗\08_路氹金光大道_车窗外巴黎铁塔和酒店群.mp4,E:\Project\1600\data\02_酒店娱乐场与路氹车窗\08_路氹金光大道_车窗外巴黎铁塔和酒店群.jpg,1734972,23193117,10.9,1920,1080,hevc,17014666,已用原始视频替换 data 中同编号 mp4，并重抽封面与关键帧
9,87125a2a0d2f9be927a928077c0fd367,酒店/娱乐场,酒店或娱乐场室内通道,金色装饰、宽阔大堂和商场式动线，像大型酒店综合体内部。,中,E:\wechat\xwechat_files\wxid_y96utu6cuc6p22_a45e\msg\video\2026-05\87125a2a0d2f9be927a928077c0fd367_raw.mp4,E:\Project\1600\data\02_酒店娱乐场与路氹车窗\09_酒店娱乐场室内通道_金色装饰和宽阔大堂.mp4,E:\Project\1600\data\02_酒店娱乐场与路氹车窗\09_酒店娱乐场室内通道_金色装饰和宽阔大堂.jpg,597510,12016766,4.47,1920,1080,hevc,21498498,已用原始视频替换 data 中同编号 mp4，并重抽封面与关键帧
10,8d02ecd1b20894552d1eda2b4e32588b,酒店/娱乐场,酒店娱乐场附近,画面出现 “GAMING” 指示，周围是豪华酒店/娱乐场公共区域。,高,E:\wechat\xwechat_files\wxid_y96utu6cuc6p22_a45e\msg\video\2026-05\8d02ecd1b20894552d1eda2b4e32588b_raw.mp4,E:\Project\1600\data\02_酒店娱乐场与路氹车窗\10_酒店娱乐场附近_GAMING指示和豪华通道.mp4,E:\Project\1600\data\02_酒店娱乐场与路氹车窗\10_酒店娱乐场附近_GAMING指示和豪华通道.jpg,864863,15141629,7.34,1920,1080,hevc,16510635,已用原始视频替换 data 中同编号 mp4，并重抽封面与关键帧
11,049db99d93cd7bd5322bd1ca9a11b474,交通途中,出租车/车内,后排视角拍摄车内和前方道路，像从酒店打车去历史城区。,高,E:\wechat\xwechat_files\wxid_y96utu6cuc6p22_a45e\msg\video\2026-05\049db99d93cd7bd5322bd1ca9a11b474_raw.mp4,E:\Project\1600\data\02_酒店娱乐场与路氹车窗\11_出租车车内_后排视角前往历史城区.mp4,E:\Project\1600\data\02_酒店娱乐场与路氹车窗\11_出租车车内_后排视角前往历史城区.jpg,491767,9201529,4.3,1920,1080,hevc,17105864,已用原始视频替换 data 中同编号 mp4，并重抽封面与关键帧
12,8e02080bb5891751f356e8ca27a95660,交通途中,出租车/车内路景,从车窗拍道路、栏杆和城市建筑，属于车程路景。,高,E:\wechat\xwechat_files\wxid_y96utu6cuc6p22_a45e\msg\video\2026-05\8e02080bb5891751f356e8ca27a95660_raw.mp4,E:\Project\1600\data\02_酒店娱乐场与路氹车窗\12_出租车车内路景_道路栏杆和城市建筑.mp4,E:\Project\1600\data\02_酒店娱乐场与路氹车窗\12_出租车车内路景_道路栏杆和城市建筑.jpg,911125,14079602,8.11,1920,1080,hevc,13897201,已用原始视频替换 data 中同编号 mp4，并重抽封面与关键帧
13,ddabbe8b50196e85609ae34329ccca8b,历史城区,澳门历史城区教堂/广场附近,拍到葡式教堂外立面、游客和周边广场，接近大三巴周边游览段。,中,E:\wechat\xwechat_files\wxid_y96utu6cuc6p22_a45e\msg\video\2026-05\ddabbe8b50196e85609ae34329ccca8b_raw.mp4,E:\Project\1600\data\03_大三巴周边街道与用餐\13_澳门历史城区_葡式教堂外立面和游客.mp4,E:\Project\1600\data\03_大三巴周边街道与用餐\13_澳门历史城区_葡式教堂外立面和游客.jpg,1550025,16253190,7.91,1920,1080,hevc,16448516,已用原始视频替换 data 中同编号 mp4，并重抽封面与关键帧
14,42baabb5bc0e395dd04219680b14a138,历史城区,澳门历史城区教堂/街区附近,继续在葡式建筑旁移动，画面有人群、街巷和历史城区环境。,中,E:\wechat\xwechat_files\wxid_y96utu6cuc6p22_a45e\msg\video\2026-05\42baabb5bc0e395dd04219680b14a138_raw.mp4,E:\Project\1600\data\03_大三巴周边街道与用餐\14_澳门历史城区_葡式建筑旁街巷移动.mp4,E:\Project\1600\data\03_大三巴周边街道与用餐\14_澳门历史城区_葡式建筑旁街巷移动.jpg,1095565,12473768,6.95,1920,1080,hevc,14354851,已用原始视频替换 data 中同编号 mp4，并重抽封面与关键帧
15,61ef0126a57d13957383bfbaad6d30b7,餐饮街,大三巴附近小吃/商业街,店铺招牌、人流和街边餐饮氛围明显，像在觅食或逛街。,高,E:\wechat\xwechat_files\wxid_y96utu6cuc6p22_a45e\msg\video\2026-05\61ef0126a57d13957383bfbaad6d30b7_raw.mp4,E:\Project\1600\data\03_大三巴周边街道与用餐\15_大三巴附近小吃街_店铺招牌人流和餐饮街景.mp4,E:\Project\1600\data\03_大三巴周边街道与用餐\15_大三巴附近小吃街_店铺招牌人流和餐饮街景.jpg,1060847,12017408,6.94,1920,1080,hevc,13859576,已用原始视频替换 data 中同编号 mp4，并重抽封面与关键帧
16,2e80a11a9b29ecd6077bb4e2921b4127,NBA 店,澳门官方 NBA 店,店内陈列球衣、篮球服饰和运动周边。,高,E:\wechat\xwechat_files\wxid_y96utu6cuc6p22_a45e\msg\video\2026-05\2e80a11a9b29ecd6077bb4e2921b4127_raw.mp4,E:\Project\1600\data\07_澳门官方NBA店\16_澳门官方NBA店_球衣服饰和运动周边陈列.mp4,E:\Project\1600\data\07_澳门官方NBA店\16_澳门官方NBA店_球衣服饰和运动周边陈列.jpg,1330117,20470458,10.73,1920,1080,hevc,15266966,已用原始视频替换 data 中同编号 mp4，并重抽封面与关键帧
17,814c42a7be134eccd822135d4080e115,历史城区街道,大三巴附近商业步行街,狭窄热闹街道、密集招牌和人流，属于大三巴周边商业街。,高,E:\wechat\xwechat_files\wxid_y96utu6cuc6p22_a45e\msg\video\2026-05\814c42a7be134eccd822135d4080e115_raw.mp4,E:\Project\1600\data\03_大三巴周边街道与用餐\17_大三巴附近商业步行街_狭窄街道密集招牌.mp4,E:\Project\1600\data\03_大三巴周边街道与用餐\17_大三巴附近商业步行街_狭窄街道密集招牌.jpg,1258991,12091681,6.74,1920,1080,hevc,14359244,已用原始视频替换 data 中同编号 mp4，并重抽封面与关键帧
18,d4a7d8584c9f27a7a6c03b4c8f40495e,用餐,大三巴附近餐厅,餐桌前人物正在吃饭，核心内容是同学用餐。,高,E:\wechat\xwechat_files\wxid_y96utu6cuc6p22_a45e\msg\video\2026-05\d4a7d8584c9f27a7a6c03b4c8f40495e_raw.mp4,E:\Project\1600\data\03_大三巴周边街道与用餐\18_大三巴附近餐厅_同学在餐桌前吃饭.mp4,E:\Project\1600\data\03_大三巴周边街道与用餐\18_大三巴附近餐厅_同学在餐桌前吃饭.jpg,1338876,38492344,13.15,1920,1080,hevc,23420364,已用原始视频替换 data 中同编号 mp4，并重抽封面与关键帧
19,e95805c7f415771bce8428494199b770,用餐,大三巴附近餐厅,近距离拍摄芝士/焗类食物和面条。,高,E:\wechat\xwechat_files\wxid_y96utu6cuc6p22_a45e\msg\video\2026-05\e95805c7f415771bce8428494199b770_raw.mp4,E:\Project\1600\data\03_大三巴周边街道与用餐\19_大三巴附近餐厅_芝士焗食物和面条特写.mp4,E:\Project\1600\data\03_大三巴周边街道与用餐\19_大三巴附近餐厅_芝士焗食物和面条特写.jpg,1279280,18151530,10.88,1920,1080,hevc,13350803,已用原始视频替换 data 中同编号 mp4，并重抽封面与关键帧
20,6f1937780dca16a3bd57cb2febcb24bf,店铺/转场,大三巴周边商业区六福珠宝店,大三巴周边商业区的六福珠宝店内，镜头拍到珠宝橱窗、柜台陈列和店员/顾客互动。,高,E:\wechat\xwechat_files\wxid_y96utu6cuc6p22_a45e\msg\video\2026-05\6f1937780dca16a3bd57cb2febcb24bf_raw.mp4,E:\Project\1600\data\03_大三巴周边街道与用餐\20_大三巴周边店铺_橱窗陈列和室内店铺环境.mp4,E:\Project\1600\data\03_大三巴周边街道与用餐\20_大三巴周边店铺_橱窗陈列和室内店铺环境.jpg,454586,5373879,3.07,1920,1080,hevc,14011201,已用原始视频替换 data 中同编号 mp4，并重抽封面与关键帧
21,714846817e2a1f873fb2012621036e60,历史城区街道,大三巴附近商业街/步行街,一行人在游客密集的老城区街巷中往景点方向步行。,高,E:\wechat\xwechat_files\wxid_y96utu6cuc6p22_a45e\msg\video\2026-05\714846817e2a1f873fb2012621036e60_raw.mp4,E:\Project\1600\data\03_大三巴周边街道与用餐\21_大三巴附近商业街_游客密集老城区街巷步行.mp4,E:\Project\1600\data\03_大三巴周边街道与用餐\21_大三巴附近商业街_游客密集老城区街巷步行.jpg,2639445,27325935,13.14,1920,1080,hevc,16630466,已用原始视频替换 data 中同编号 mp4，并重抽封面与关键帧
22,f1ad5ee37f271706d5a648440a65c389,历史城区街道,大三巴附近手信/餐饮街,狭窄热闹的店铺街道，人流很密集。,高,E:\wechat\xwechat_files\wxid_y96utu6cuc6p22_a45e\msg\video\2026-05\f1ad5ee37f271706d5a648440a65c389_raw.mp4,E:\Project\1600\data\03_大三巴周边街道与用餐\22_大三巴附近手信餐饮街_狭窄热闹店铺街道.mp4,E:\Project\1600\data\03_大三巴周边街道与用餐\22_大三巴附近手信餐饮街_狭窄热闹店铺街道.jpg,1571393,16326663,8.71,1920,1080,hevc,15001527,已用原始视频替换 data 中同编号 mp4，并重抽封面与关键帧
23,d180ec76e0ee73f52965ab38cc2bcc0c,大三巴周边,通往大三巴牌坊的街道,街道尽头能看到大三巴牌坊，正在接近景点核心区。,高,E:\wechat\xwechat_files\wxid_y96utu6cuc6p22_a45e\msg\video\2026-05\d180ec76e0ee73f52965ab38cc2bcc0c_raw.mp4,E:\Project\1600\data\03_大三巴周边街道与用餐\23_通往大三巴牌坊的街道_街道尽头可见牌坊.mp4,E:\Project\1600\data\03_大三巴周边街道与用餐\23_通往大三巴牌坊的街道_街道尽头可见牌坊.jpg,1429227,15933951,8.12,1920,1080,hevc,15698473,已用原始视频替换 data 中同编号 mp4，并重抽封面与关键帧
24,abacc2df6de81ca8fab0abda20367748,大三巴,大三巴牌坊前广场及周边历史建筑,大三巴牌坊前广场及周边历史建筑，游客聚集在石阶和广场空间中，画面可见牌坊与黄色葡式建筑立面。,高,E:\wechat\xwechat_files\wxid_y96utu6cuc6p22_a45e\msg\video\2026-05\abacc2df6de81ca8fab0abda20367748_raw.mp4,E:\Project\1600\data\03_大三巴周边街道与用餐\24_大三巴牌坊前广场_游客聚集和历史建筑立面.mp4,E:\Project\1600\data\03_大三巴周边街道与用餐\24_大三巴牌坊前广场_游客聚集和历史建筑立面.jpg,1467846,13799186,7.64,1920,1080,hevc,14449409,已用原始视频替换 data 中同编号 mp4，并重抽封面与关键帧
25,28cc8676627b3cae9b425cd723add170,大三巴,大三巴牌坊正面近景,近距离拍摄大三巴牌坊正面石构、雕刻细节，底部可见游客经过。,高,E:\wechat\xwechat_files\wxid_y96utu6cuc6p22_a45e\msg\video\2026-05\28cc8676627b3cae9b425cd723add170_raw.mp4,E:\Project\1600\data\04_大三巴牌坊圣物宝库大炮台\25_大三巴牌坊正面_牌坊和台阶游客.mp4,E:\Project\1600\data\04_大三巴牌坊圣物宝库大炮台\25_大三巴牌坊正面_牌坊和台阶游客.jpg,1658635,23980794,13.47,1920,1080,hevc,14237206,已用原始视频替换 data 中同编号 mp4，并重抽封面与关键帧
26,648de7cfb24b5cac98eb10d77078f5e5,大三巴,大三巴牌坊旁平台/广场,大三巴牌坊旁平台/广场游客密集，画面可见牌坊边缘、广场人流和远处城市天际线。,高,E:\wechat\xwechat_files\wxid_y96utu6cuc6p22_a45e\msg\video\2026-05\648de7cfb24b5cac98eb10d77078f5e5_raw.mp4,E:\Project\1600\data\04_大三巴牌坊圣物宝库大炮台\26_大三巴牌坊近景侧面_石构细节和人群.mp4,E:\Project\1600\data\04_大三巴牌坊圣物宝库大炮台\26_大三巴牌坊近景侧面_石构细节和人群.jpg,1091965,11042849,5.99,1920,1080,hevc,14752484,已用原始视频替换 data 中同编号 mp4，并重抽封面与关键帧
27,2fe7dfa80e9a33536cb81d72efbb8ae8,大三巴,圣物宝库与墓室,画面有“天主教艺术博物馆与墓室 / Museum of Sacred Art and Crypt”标识和展陈。,高,E:\wechat\xwechat_files\wxid_y96utu6cuc6p22_a45e\msg\video\2026-05\2fe7dfa80e9a33536cb81d72efbb8ae8_raw.mp4,E:\Project\1600\data\04_大三巴牌坊圣物宝库大炮台\27_圣物宝库与墓室_展区标识和宗教展陈.mp4,E:\Project\1600\data\04_大三巴牌坊圣物宝库大炮台\27_圣物宝库与墓室_展区标识和宗教展陈.jpg,1585547,30927316,14.51,1920,1080,hevc,17055504,已用原始视频替换 data 中同编号 mp4，并重抽封面与关键帧
28,9415435955c310e12458d86687e7ff2d,大炮台路段,大三巴后方通往大炮台的上坡路径,沿石阶和树荫小路向上走，像前往大炮台或澳门博物馆。,高,E:\wechat\xwechat_files\wxid_y96utu6cuc6p22_a45e\msg\video\2026-05\9415435955c310e12458d86687e7ff2d_raw.mp4,E:\Project\1600\data\04_大三巴牌坊圣物宝库大炮台\28_通往大炮台上坡路_石阶树荫小路向上走.mp4,E:\Project\1600\data\04_大三巴牌坊圣物宝库大炮台\28_通往大炮台上坡路_石阶树荫小路向上走.jpg,4727796,57690058,25.74,1920,1080,hevc,17930087,已用原始视频替换 data 中同编号 mp4，并重抽封面与关键帧
29,a346f756e21d3168de9e2587cd799bda,大炮台,大炮台外墙/平台,炮台石墙、开阔石路和游客合影。,高,E:\wechat\xwechat_files\wxid_y96utu6cuc6p22_a45e\msg\video\2026-05\a346f756e21d3168de9e2587cd799bda_raw.mp4,E:\Project\1600\data\04_大三巴牌坊圣物宝库大炮台\29_大炮台外墙平台_炮台石墙石路和游客合影.mp4,E:\Project\1600\data\04_大三巴牌坊圣物宝库大炮台\29_大炮台外墙平台_炮台石墙石路和游客合影.jpg,1114397,12593797,5.47,1920,1080,hevc,18418715,已用原始视频替换 data 中同编号 mp4，并重抽封面与关键帧
30,c0c54473bb6c6d5120b3d006c53c6610,大炮台,大炮台入口/石墙通道,拍摄炮台遗址石门、墙体、巷道和小神龛。,高,E:\wechat\xwechat_files\wxid_y96utu6cuc6p22_a45e\msg\video\2026-05\c0c54473bb6c6d5120b3d006c53c6610_raw.mp4,E:\Project\1600\data\04_大三巴牌坊圣物宝库大炮台\30_大炮台入口石墙通道_遗址石门墙体和小神龛.mp4,E:\Project\1600\data\04_大三巴牌坊圣物宝库大炮台\30_大炮台入口石墙通道_遗址石门墙体和小神龛.jpg,4254209,54027630,27.31,1920,1080,hevc,15828407,已用原始视频替换 data 中同编号 mp4，并重抽封面与关键帧
31,c4f86bf6e6deb213e85c9e9e19efa7b8,宗教建筑,历史城区教堂内部,进入教堂式室内空间，拍到长椅、祭台和宗教装饰。,中,E:\wechat\xwechat_files\wxid_y96utu6cuc6p22_a45e\msg\video\2026-05\c4f86bf6e6deb213e85c9e9e19efa7b8_raw.mp4,E:\Project\1600\data\04_大三巴牌坊圣物宝库大炮台\31_历史城区教堂内部_长椅祭台和宗教装饰.mp4,E:\Project\1600\data\04_大三巴牌坊圣物宝库大炮台\31_历史城区教堂内部_长椅祭台和宗教装饰.jpg,1163941,30016215,10.89,1920,1080,hevc,22043732,已用原始视频替换 data 中同编号 mp4，并重抽封面与关键帧
32,4f64df9386f36740698e0c98d9233b09,历史城区街区,历史城区广场/议事亭前地一带,在历史城区广场步行，画面有葡式建筑立面、黑白波浪纹地面和游客人流。,中高,E:\wechat\xwechat_files\wxid_y96utu6cuc6p22_a45e\msg\video\2026-05\4f64df9386f36740698e0c98d9233b09_raw.mp4,E:\Project\1600\data\04_大三巴牌坊圣物宝库大炮台\32_大三巴至恋爱巷周边_葡式建筑和广场步行.mp4,E:\Project\1600\data\04_大三巴牌坊圣物宝库大炮台\32_大三巴至恋爱巷周边_葡式建筑和广场步行.jpg,1396210,13216326,7.47,1920,1080,hevc,14147718,已用原始视频替换 data 中同编号 mp4，并重抽封面与关键帧
33,778c916079308ff9acdc93ddfcf7cf73,交通转场,公交车内，前往路氹/威尼斯人方向,公交车厢内部，乘客站立抓扶手。,高,E:\wechat\xwechat_files\wxid_y96utu6cuc6p22_a45e\msg\video\2026-05\778c916079308ff9acdc93ddfcf7cf73_raw.mp4,E:\Project\1600\data\05_公交地铁与返程交通\33_前往路氹公交车内_乘客站立抓扶手.mp4,E:\Project\1600\data\05_公交地铁与返程交通\33_前往路氹公交车内_乘客站立抓扶手.jpg,712113,8404779,4.85,1920,1080,hevc,13854032,已用原始视频替换 data 中同编号 mp4，并重抽封面与关键帧
34,8743118f5b2b5635e09746a943b1655a,交通转场,公交车内，前往威尼斯人途中,继续拍摄公交车内和窗外景象。,高,E:\wechat\xwechat_files\wxid_y96utu6cuc6p22_a45e\msg\video\2026-05\8743118f5b2b5635e09746a943b1655a_raw.mp4,E:\Project\1600\data\05_公交地铁与返程交通\34_前往威尼斯人公交车内_车厢和窗外景象.mp4,E:\Project\1600\data\05_公交地铁与返程交通\34_前往威尼斯人公交车内_车厢和窗外景象.jpg,831019,11741588,6.76,1920,1080,hevc,13902224,已用原始视频替换 data 中同编号 mp4，并重抽封面与关键帧
35,2e7d284b778c9135135deda91b555358,交通转场,交通途中/车内零碎画面,画面较模糊且角度不完整，只能判断仍在移动途中。,低,E:\wechat\xwechat_files\wxid_y96utu6cuc6p22_a45e\msg\video\2026-05\2e7d284b778c9135135deda91b555358_raw.mp4,E:\Project\1600\data\05_公交地铁与返程交通\35_交通途中车内零碎画面_模糊移动途中.mp4,E:\Project\1600\data\05_公交地铁与返程交通\35_交通途中车内零碎画面_模糊移动途中.jpg,2096666,23897740,14.18,1920,1080,hevc,13487260,已用原始视频替换 data 中同编号 mp4，并重抽封面与关键帧
36,d32da860661c72cd9f5e753ce85cb7ae,路氹/威尼斯人,路氹金光大道/大型度假区外部,路氹金光大道附近，移动视角扫过威尼斯人/巴黎人一带外立面、道路绿化和大型度假区高楼。,中,E:\wechat\xwechat_files\wxid_y96utu6cuc6p22_a45e\msg\video\2026-05\d32da860661c72cd9f5e753ce85cb7ae_raw.mp4,E:\Project\1600\data\06_威尼斯人商场酒店\36_路氹金光大道_接近威尼斯人周边道路.mp4,E:\Project\1600\data\06_威尼斯人商场酒店\36_路氹金光大道_接近威尼斯人周边道路.jpg,1473765,14428497,8.36,1920,1080,hevc,13812681,已用原始视频替换 data 中同编号 mp4，并重抽封面与关键帧
37,3070b1364c2b03173ca606e2cf408ab6,威尼斯人,威尼斯人外部/入口周边,拍到威尼斯人风格外立面、塔楼和入口区域。,高,E:\wechat\xwechat_files\wxid_y96utu6cuc6p22_a45e\msg\video\2026-05\3070b1364c2b03173ca606e2cf408ab6_raw.mp4,E:\Project\1600\data\06_威尼斯人商场酒店\37_威尼斯人外部入口_外立面塔楼和入口区域.mp4,E:\Project\1600\data\06_威尼斯人商场酒店\37_威尼斯人外部入口_外立面塔楼和入口区域.jpg,630813,6367896,3.59,1920,1080,hevc,14203484,已用原始视频替换 data 中同编号 mp4，并重抽封面与关键帧
38,8b87a1b55d2eb1fb1a6f74e0ea743306,威尼斯人,威尼斯人或相邻商场室内通道,进入大型酒店商场内部，画面为明亮购物廊道。,高,E:\wechat\xwechat_files\wxid_y96utu6cuc6p22_a45e\msg\video\2026-05\8b87a1b55d2eb1fb1a6f74e0ea743306_raw.mp4,E:\Project\1600\data\06_威尼斯人商场酒店\38_威尼斯人室内通道_明亮大型购物廊道.mp4,E:\Project\1600\data\06_威尼斯人商场酒店\38_威尼斯人室内通道_明亮大型购物廊道.jpg,610826,8549472,5.1,1920,1080,hevc,13402177,已用原始视频替换 data 中同编号 mp4，并重抽封面与关键帧
39,80c1263caa12bc78eee9956e82bd07a7,威尼斯人,威尼斯人商场内部中庭/表演区,仿欧式室内立面、中庭和舞台灯光表演。,高,E:\wechat\xwechat_files\wxid_y96utu6cuc6p22_a45e\msg\video\2026-05\80c1263caa12bc78eee9956e82bd07a7_raw.mp4,E:\Project\1600\data\06_威尼斯人商场酒店\39_威尼斯人商场中庭_欧式立面和舞台灯光.mp4,E:\Project\1600\data\06_威尼斯人商场酒店\39_威尼斯人商场中庭_欧式立面和舞台灯光.jpg,985356,14594251,8.52,1920,1080,hevc,13703522,已用原始视频替换 data 中同编号 mp4，并重抽封面与关键帧
40,2da402de799bbd29fb607f81498d3bea,NBA 店,澳门官方 NBA 店,澳门官方 NBA 店内展示主题手办、收藏品和周边商品陈列。,高,E:\wechat\xwechat_files\wxid_y96utu6cuc6p22_a45e\msg\video\2026-05\2da402de799bbd29fb607f81498d3bea_raw.mp4,E:\Project\1600\data\07_澳门官方NBA店\40_澳门官方NBA店_主题商品球衣和店内陈列.mp4,E:\Project\1600\data\07_澳门官方NBA店\40_澳门官方NBA店_主题商品球衣和店内陈列.jpg,5464783,77868425,30.86,1920,1080,hevc,20182971,已用原始视频替换 data 中同编号 mp4，并重抽封面与关键帧
41,e8b0fe36cd16716c41d65a53a82302ec,威尼斯人,威尼斯人/附近商场室内观景通道,透过室内大窗拍摄外部欧式建筑和街景。,中,E:\wechat\xwechat_files\wxid_y96utu6cuc6p22_a45e\msg\video\2026-05\e8b0fe36cd16716c41d65a53a82302ec_raw.mp4,E:\Project\1600\data\06_威尼斯人商场酒店\41_威尼斯人室内观景通道_窗外欧式建筑和街景.mp4,E:\Project\1600\data\06_威尼斯人商场酒店\41_威尼斯人室内观景通道_窗外欧式建筑和街景.jpg,840484,13049842,7.67,1920,1080,hevc,13605396,已用原始视频替换 data 中同编号 mp4，并重抽封面与关键帧
42,ec288df7f1c16bd3a48180996f0764fa,威尼斯人,威尼斯人外部/氹仔商圈步行区,户外拍摄威尼斯人风格建筑外立面、广场水景和游客。,高,E:\wechat\xwechat_files\wxid_y96utu6cuc6p22_a45e\msg\video\2026-05\ec288df7f1c16bd3a48180996f0764fa_raw.mp4,E:\Project\1600\data\06_威尼斯人商场酒店\42_威尼斯人外部步行区_建筑外立面水景和游客.mp4,E:\Project\1600\data\06_威尼斯人商场酒店\42_威尼斯人外部步行区_建筑外立面水景和游客.jpg,431301,5646365,3.33,1920,1080,hevc,13544503,已用原始视频替换 data 中同编号 mp4，并重抽封面与关键帧
43,4138f571f72019347ba7504f64f8b0b8,威尼斯人,威尼斯人商场/酒店室内,金色柱廊、穹顶壁画和人流，明显是威尼斯人风格室内空间。,高,E:\wechat\xwechat_files\wxid_y96utu6cuc6p22_a45e\msg\video\2026-05\4138f571f72019347ba7504f64f8b0b8_raw.mp4,E:\Project\1600\data\06_威尼斯人商场酒店\43_威尼斯人商场酒店室内_金色柱廊穹顶壁画.mp4,E:\Project\1600\data\06_威尼斯人商场酒店\43_威尼斯人商场酒店室内_金色柱廊穹顶壁画.jpg,713476,16185642,5.84,1920,1080,hevc,22172112,已用原始视频替换 data 中同编号 mp4，并重抽封面与关键帧
44,2400ae18b5ac14720e2c9ca97ed5e8fc,威尼斯人,威尼斯人商场/酒店室内,拍摄华丽圆形穹顶、壁画和中央装饰。,高,E:\wechat\xwechat_files\wxid_y96utu6cuc6p22_a45e\msg\video\2026-05\2400ae18b5ac14720e2c9ca97ed5e8fc_raw.mp4,E:\Project\1600\data\06_威尼斯人商场酒店\44_威尼斯人室内穹顶_圆形穹顶壁画和中央装饰.mp4,E:\Project\1600\data\06_威尼斯人商场酒店\44_威尼斯人室内穹顶_圆形穹顶壁画和中央装饰.jpg,1179067,21661330,9.53,1920,1080,hevc,18190059,已用原始视频替换 data 中同编号 mp4，并重抽封面与关键帧
45,e337e43337b64d737aae9f05f06e1f77,威尼斯人,威尼斯人/大型酒店综合体通行大厅,室内人流密集，顶部有方向指示牌，像酒店商场换乘/通行区。,中,E:\wechat\xwechat_files\wxid_y96utu6cuc6p22_a45e\msg\video\2026-05\e337e43337b64d737aae9f05f06e1f77_raw.mp4,E:\Project\1600\data\06_威尼斯人商场酒店\45_威尼斯人通行大厅_方向指示牌和密集人流.mp4,E:\Project\1600\data\06_威尼斯人商场酒店\45_威尼斯人通行大厅_方向指示牌和密集人流.jpg,422777,10013603,3.39,1920,1080,hevc,23654177,已用原始视频替换 data 中同编号 mp4，并重抽封面与关键帧
55,02538c6f575ca280002d5abf7e9ed623,威尼斯人,威尼斯人商场/酒店室内天花,再次竖幅拍摄彩绘天花、壁画和拱形装饰。,高,E:\wechat\xwechat_files\wxid_y96utu6cuc6p22_a45e\msg\video\2026-05\02538c6f575ca280002d5abf7e9ed623_raw.mp4,E:\Project\1600\data\06_威尼斯人商场酒店\55_威尼斯人室内天花_彩绘壁画和拱廊装饰.mp4,E:\Project\1600\data\06_威尼斯人商场酒店\55_威尼斯人室内天花_彩绘壁画和拱廊装饰.jpg,1453223,21948641,7.08,1920,1080,hevc,24686604,已用原始视频替换 data 中同编号 mp4，并重抽封面与关键帧
56,daecd0d8b8808c8be680f6b708135876,大炮台/回看片段,大三巴/大炮台一带步行段,石墙、坡道和游客环境，像从大三巴通往大炮台或澳门博物馆附近。,高,E:\wechat\xwechat_files\wxid_y96utu6cuc6p22_a45e\msg\video\2026-05\daecd0d8b8808c8be680f6b708135876_raw.mp4,E:\Project\1600\data\04_大三巴牌坊圣物宝库大炮台\56_大三巴大炮台步行段_石墙坡道和游客.mp4,E:\Project\1600\data\04_大三巴牌坊圣物宝库大炮台\56_大三巴大炮台步行段_石墙坡道和游客.jpg,2335504,35537741,11.18,1920,1080,hevc,25356837,已用原始视频替换 data 中同编号 mp4，并重抽封面与关键帧
57,faafee070309633018099fccfa926ff8,大炮台/回看片段,大炮台/周边步道,沿石墙和树荫步行，像在大炮台附近继续游览或转场。,中,E:\wechat\xwechat_files\wxid_y96utu6cuc6p22_a45e\msg\video\2026-05\faafee070309633018099fccfa926ff8_raw.mp4,E:\Project\1600\data\04_大三巴牌坊圣物宝库大炮台\57_大炮台周边步道_石墙树荫下步行.mp4,E:\Project\1600\data\04_大三巴牌坊圣物宝库大炮台\57_大炮台周边步道_石墙树荫下步行.jpg,1007991,11427426,3.07,1920,1080,hevc,29163993,已用原始视频替换 data 中同编号 mp4，并重抽封面与关键帧
58,942cb5784e24cda947f9da12b32cd241,威尼斯人,威尼斯人商场,室内仿欧式立面、彩色灯光和拱窗，明显是威尼斯人商场内景。,高,E:\wechat\xwechat_files\wxid_y96utu6cuc6p22_a45e\msg\video\2026-05\942cb5784e24cda947f9da12b32cd241_raw.mp4,E:\Project\1600\data\06_威尼斯人商场酒店\58_威尼斯人商场_欧式立面灯光和拱窗.mp4,E:\Project\1600\data\06_威尼斯人商场酒店\58_威尼斯人商场_欧式立面灯光和拱窗.jpg,2151079,49685985,15.86,1920,1080,hevc,24936308,已用原始视频替换 data 中同编号 mp4，并重抽封面与关键帧
59,218a4e2427f045e3f4b733c9fb9220d3,大炮台/回看片段,大炮台观景处,站在大炮台石墙边远眺澳门市区，高层建筑和城市天际线清晰可见。,高,E:\wechat\xwechat_files\wxid_y96utu6cuc6p22_a45e\msg\video\2026-05\218a4e2427f045e3f4b733c9fb9220d3_raw.mp4,E:\Project\1600\data\04_大三巴牌坊圣物宝库大炮台\59_大炮台观景处_石墙边俯瞰城市天际线.mp4,E:\Project\1600\data\04_大三巴牌坊圣物宝库大炮台\59_大炮台观景处_石墙边俯瞰城市天际线.jpg,2265823,34860236,11.3,1920,1080,hevc,24509457,已用原始视频替换 data 中同编号 mp4，并重抽封面与关键帧
60,7382a51ca636f1c265dd8e396c4c3b89,不确定,酒店/室内休息区,两人在暖色室内自拍，缺少明确标识，可能是酒店房间或商场/酒店内部休息空间。,低,E:\wechat\xwechat_files\wxid_y96utu6cuc6p22_a45e\msg\video\2026-05\7382a51ca636f1c265dd8e396c4c3b89_raw.mp4,E:\Project\1600\data\06_威尼斯人商场酒店\60_室内休息区自拍_暖色室内两人自拍.mp4,E:\Project\1600\data\06_威尼斯人商场酒店\60_室内休息区自拍_暖色室内两人自拍.jpg,2329511,61956560,21.78,1920,1080,hevc,22753748,已用原始视频替换 data 中同编号 mp4，并重抽封面与关键帧
61,e6b93ad1ae398590a7aacb88906e90ed,威尼斯人,威尼斯人商场,仿户外天空顶和欧式街景通道，属于威尼斯人商场区域。,高,E:\wechat\xwechat_files\wxid_y96utu6cuc6p22_a45e\msg\video\2026-05\e6b93ad1ae398590a7aacb88906e90ed_raw.mp4,E:\Project\1600\data\06_威尼斯人商场酒店\61_威尼斯人商场_天空顶和欧式街景通道.mp4,E:\Project\1600\data\06_威尼斯人商场酒店\61_威尼斯人商场_天空顶和欧式街景通道.jpg,1038823,14454676,8.14,1920,1080,hevc,14206069,已用原始视频替换 data 中同编号 mp4，并重抽封面与关键帧
62,f6ceb37beb4e90d4973b3e2f2b50f66e,威尼斯人,威尼斯人商场,威尼斯人商场内的仿天空顶与欧式购物街区，人群沿栏杆和店铺立面间移动。,中高,E:\wechat\xwechat_files\wxid_y96utu6cuc6p22_a45e\msg\video\2026-05\f6ceb37beb4e90d4973b3e2f2b50f66e_raw.mp4,E:\Project\1600\data\06_威尼斯人商场酒店\62_威尼斯人商场_室内运河广场式购物街.mp4,E:\Project\1600\data\06_威尼斯人商场酒店\62_威尼斯人商场_室内运河广场式购物街.jpg,956650,13852388,7.64,1920,1080,hevc,14505118,已用原始视频替换 data 中同编号 mp4，并重抽封面与关键帧
63,23d41389ea978113c9c324684635c434,威尼斯人,威尼斯人酒店/商场连通室内,吊灯、地毯和宽阔走廊，像威尼斯人酒店或会展/商场连通走廊。,中,E:\wechat\xwechat_files\wxid_y96utu6cuc6p22_a45e\msg\video\2026-05\23d41389ea978113c9c324684635c434_raw.mp4,E:\Project\1600\data\06_威尼斯人商场酒店\63_威尼斯人酒店商场连通走廊_吊灯地毯宽阔通道.mp4,E:\Project\1600\data\06_威尼斯人商场酒店\63_威尼斯人酒店商场连通走廊_吊灯地毯宽阔通道.jpg,629590,12859699,5.75,1920,1080,hevc,17881390,已用原始视频替换 data 中同编号 mp4，并重抽封面与关键帧
64,a19516304bc04823c5aa244d0284ec26,威尼斯人,威尼斯人酒店落客/停车入口,从威尼斯人室内门口望向落客/停车入口，可见车辆、人流和现场工作人员。,高,E:\wechat\xwechat_files\wxid_y96utu6cuc6p22_a45e\msg\video\2026-05\a19516304bc04823c5aa244d0284ec26_raw.mp4,E:\Project\1600\data\06_威尼斯人商场酒店\64_威尼斯人交通入口_门口车辆和人流.mp4,E:\Project\1600\data\06_威尼斯人商场酒店\64_威尼斯人交通入口_门口车辆和人流.jpg,342621,4508560,2.52,1920,1080,hevc,14331844,已用原始视频替换 data 中同编号 mp4，并重抽封面与关键帧
65,f7c3c2b349b0e35a7b786c11fd140c3b,威尼斯人,威尼斯人酒店/公共走廊,金色装饰、地毯和大厅式走廊，像威尼斯人酒店内部公共区域。,高,E:\wechat\xwechat_files\wxid_y96utu6cuc6p22_a45e\msg\video\2026-05\f7c3c2b349b0e35a7b786c11fd140c3b_raw.mp4,E:\Project\1600\data\06_威尼斯人商场酒店\65_威尼斯人酒店公共走廊_金色装饰和地毯大厅.mp4,E:\Project\1600\data\06_威尼斯人商场酒店\65_威尼斯人酒店公共走廊_金色装饰和地毯大厅.jpg,842903,22323437,6.86,1920,1080,hevc,26039490,已用原始视频替换 data 中同编号 mp4，并重抽封面与关键帧
66,dad3d608741b9dcbc24dd16c197c5cbb,NBA 店,澳门官方 NBA 店互动体验区,彩色篮球主题互动投篮区域，有计分屏和球场地面。,高,E:\wechat\xwechat_files\wxid_y96utu6cuc6p22_a45e\msg\video\2026-05\dad3d608741b9dcbc24dd16c197c5cbb_raw.mp4,E:\Project\1600\data\07_澳门官方NBA店\66_NBA店互动体验区_篮球投篮区计分屏.mp4,E:\Project\1600\data\07_澳门官方NBA店\66_NBA店互动体验区_篮球投篮区计分屏.jpg,13231591,195920303,62.07,1920,1080,hevc,25216743,已用原始视频替换 data 中同编号 mp4，并重抽封面与关键帧
67,05f292c327bd094405b9ae023c3c72de,威尼斯人,威尼斯人商场,从栏杆旁看多层欧式商铺立面和彩色招牌。,高,E:\wechat\xwechat_files\wxid_y96utu6cuc6p22_a45e\msg\video\2026-05\05f292c327bd094405b9ae023c3c72de_raw.mp4,E:\Project\1600\data\06_威尼斯人商场酒店\67_威尼斯人商场_栏杆旁看多层欧式店铺.mp4,E:\Project\1600\data\06_威尼斯人商场酒店\67_威尼斯人商场_栏杆旁看多层欧式店铺.jpg,2075541,43834407,13.98,1920,1080,hevc,24950805,已用原始视频替换 data 中同编号 mp4，并重抽封面与关键帧
68,630f8f03365f1ef74b9c59ce1d57c5d2,NBA 店,澳门官方 NBA 店互动体验区,继续显示投篮游戏、倒计时和得分界面。,高,E:\wechat\xwechat_files\wxid_y96utu6cuc6p22_a45e\msg\video\2026-05\630f8f03365f1ef74b9c59ce1d57c5d2_raw.mp4,E:\Project\1600\data\07_澳门官方NBA店\68_NBA店互动体验区_投篮游戏倒计时得分界面.mp4,E:\Project\1600\data\07_澳门官方NBA店\68_NBA店互动体验区_投篮游戏倒计时得分界面.jpg,10291997,199055205,63.09,1920,1080,hevc,25212286,已用原始视频替换 data 中同编号 mp4，并重抽封面与关键帧
69,767626cefa7ad43620c1b32a596d74a4,返程交通,夜间返程公交/接驳车内,夜间返程车厢内人流拥挤，乘客站立抓扶手，窗外可见行驶中的道路灯光。,高,E:\wechat\xwechat_files\wxid_y96utu6cuc6p22_a45e\msg\video\2026-05\767626cefa7ad43620c1b32a596d74a4_raw.mp4,E:\Project\1600\data\05_公交地铁与返程交通\69_返程公交接驳车内_拥挤车厢站立扶杆.mp4,E:\Project\1600\data\05_公交地铁与返程交通\69_返程公交接驳车内_拥挤车厢站立扶杆.jpg,594407,15906822,4.86,1920,1080,hevc,26211035,已用原始视频替换 data 中同编号 mp4，并重抽封面与关键帧
