index,base,category,location,description,confidence,status
1,997658cd0f579f4c11c4949b989145da,入境/接驳,大巴到酒店途中,车内座位、窗帘和乘客，记录从口岸进入后乘车移动。,高,未找到 2026-05-02 15:54:30 之后的 _raw.mp4，data 保持原压缩版
46,b83a286ad0fe52c38931f11e596b191b,大炮台/回看片段,大三巴/大炮台一带,石板路上人物合影，背景有大三巴一带遗址墙体和游客。,高,未找到 2026-05-02 15:54:30 之后的 _raw.mp4，data 保持原压缩版
47,55449f8745db030caf5fb915d62ed97f,大炮台/回看片段,大炮台/澳门博物馆附近观景平台,在石墙边拍人物和远处城市景观，符合大炮台高处视角。,高,未找到 2026-05-02 15:54:30 之后的 _raw.mp4，data 保持原压缩版
49,f7763132bc683d7d47545755f9d92c31,威尼斯人,威尼斯人商场室内,游客在室内仿街景立面前行走，上方有天窗和多层店铺外观。,高,未找到 2026-05-02 15:54:30 之后的 _raw.mp4，data 保持原压缩版
50,e665204355decadb8c18c60350108a14,威尼斯人,威尼斯人商场/酒店室内天花,竖幅拍摄华丽天花板、壁画和装饰线脚。,高,未找到 2026-05-02 15:54:30 之后的 _raw.mp4，data 保持原压缩版
51,7689f2b4b860c0f60e97352df09049c1,威尼斯人,威尼斯人商场/酒店室内,人像自拍，背景是威尼斯人风格彩绘天花和拱形空间。,高,未找到 2026-05-02 15:54:30 之后的 _raw.mp4，data 保持原压缩版
52,4859d6ef3b28fc1a1148ad7ebe7bce21,NBA 店,澳门官方 NBA 店互动体验区,彩色篮球主题互动投篮区域，有计分屏和球场地面。,高,未找到 2026-05-02 15:54:30 之后的 _raw.mp4，data 保持原压缩版
53,83f841b620b0d886d056b45d3bb535cd,NBA 店,澳门官方 NBA 店互动体验区,继续拍摄 NBA 主题互动篮球区域，屏幕和场地标识明显。,高,未找到 2026-05-02 15:54:30 之后的 _raw.mp4，data 保持原压缩版
54,aed1d90b0021e193c6a8cd427fc98f70,威尼斯人/转场,威尼斯人或附近商场酒店外廊,人物站在有柱廊的半户外通道，像从商场酒店区域外出或转场。,中,未找到 2026-05-02 15:54:30 之后的 _raw.mp4，data 保持原压缩版
