index,base,sort_time_iso,duration_s,has_video,has_cover,has_thumb,mp4,cover,thumb
1,997658cd0f579f4c11c4949b989145da,2026-05-01 17:52:15,3.0,True,True,True,E:\wechat\xwechat_files\wxid_y96utu6cuc6p22_a45e\msg\video\2026-05\997658cd0f579f4c11c4949b989145da.mp4,E:\wechat\xwechat_files\wxid_y96utu6cuc6p22_a45e\msg\video\2026-05\997658cd0f579f4c11c4949b989145da.jpg,E:\wechat\xwechat_files\wxid_y96utu6cuc6p22_a45e\msg\video\2026-05\997658cd0f579f4c11c4949b989145da_thumb.jpg
2,ea8b266deca2d1ef1a4b73e746de627d,2026-05-01 17:52:17,2.1,True,True,True,E:\wechat\xwechat_files\wxid_y96utu6cuc6p22_a45e\msg\video\2026-05\ea8b266deca2d1ef1a4b73e746de627d.mp4,E:\wechat\xwechat_files\wxid_y96utu6cuc6p22_a45e\msg\video\2026-05\ea8b266deca2d1ef1a4b73e746de627d.jpg,E:\wechat\xwechat_files\wxid_y96utu6cuc6p22_a45e\msg\video\2026-05\ea8b266deca2d1ef1a4b73e746de627d_thumb.jpg
3,f5f02f235412326afcc03abf6066cfb1,2026-05-01 17:52:22,7.13,True,True,True,E:\wechat\xwechat_files\wxid_y96utu6cuc6p22_a45e\msg\video\2026-05\f5f02f235412326afcc03abf6066cfb1.mp4,E:\wechat\xwechat_files\wxid_y96utu6cuc6p22_a45e\msg\video\2026-05\f5f02f235412326afcc03abf6066cfb1.jpg,E:\wechat\xwechat_files\wxid_y96utu6cuc6p22_a45e\msg\video\2026-05\f5f02f235412326afcc03abf6066cfb1_thumb.jpg
4,2c989b2ac90e6437aff4d6fc894efc58,2026-05-01 17:52:25,6.43,True,True,True,E:\wechat\xwechat_files\wxid_y96utu6cuc6p22_a45e\msg\video\2026-05\2c989b2ac90e6437aff4d6fc894efc58.mp4,E:\wechat\xwechat_files\wxid_y96utu6cuc6p22_a45e\msg\video\2026-05\2c989b2ac90e6437aff4d6fc894efc58.jpg,E:\wechat\xwechat_files\wxid_y96utu6cuc6p22_a45e\msg\video\2026-05\2c989b2ac90e6437aff4d6fc894efc58_thumb.jpg
5,b36bdb212b3aa013abbb9b149088c7cd,2026-05-01 17:52:31,4.37,True,True,True,E:\wechat\xwechat_files\wxid_y96utu6cuc6p22_a45e\msg\video\2026-05\b36bdb212b3aa013abbb9b149088c7cd.mp4,E:\wechat\xwechat_files\wxid_y96utu6cuc6p22_a45e\msg\video\2026-05\b36bdb212b3aa013abbb9b149088c7cd.jpg,E:\wechat\xwechat_files\wxid_y96utu6cuc6p22_a45e\msg\video\2026-05\b36bdb212b3aa013abbb9b149088c7cd_thumb.jpg
6,8a4d593cbc9967463131b9d24d3dbd3b,2026-05-01 17:52:36,8.63,True,True,True,E:\wechat\xwechat_files\wxid_y96utu6cuc6p22_a45e\msg\video\2026-05\8a4d593cbc9967463131b9d24d3dbd3b.mp4,E:\wechat\xwechat_files\wxid_y96utu6cuc6p22_a45e\msg\video\2026-05\8a4d593cbc9967463131b9d24d3dbd3b.jpg,E:\wechat\xwechat_files\wxid_y96utu6cuc6p22_a45e\msg\video\2026-05\8a4d593cbc9967463131b9d24d3dbd3b_thumb.jpg
7,83fa9efb3a7bb7be42f9b4fa975a9818,2026-05-01 17:52:40,5.53,True,True,True,E:\wechat\xwechat_files\wxid_y96utu6cuc6p22_a45e\msg\video\2026-05\83fa9efb3a7bb7be42f9b4fa975a9818.mp4,E:\wechat\xwechat_files\wxid_y96utu6cuc6p22_a45e\msg\video\2026-05\83fa9efb3a7bb7be42f9b4fa975a9818.jpg,E:\wechat\xwechat_files\wxid_y96utu6cuc6p22_a45e\msg\video\2026-05\83fa9efb3a7bb7be42f9b4fa975a9818_thumb.jpg
8,2771e590bd61b9652c7dc26eec186569,2026-05-01 17:52:44,10.93,True,True,True,E:\wechat\xwechat_files\wxid_y96utu6cuc6p22_a45e\msg\video\2026-05\2771e590bd61b9652c7dc26eec186569.mp4,E:\wechat\xwechat_files\wxid_y96utu6cuc6p22_a45e\msg\video\2026-05\2771e590bd61b9652c7dc26eec186569.jpg,E:\wechat\xwechat_files\wxid_y96utu6cuc6p22_a45e\msg\video\2026-05\2771e590bd61b9652c7dc26eec186569_thumb.jpg
9,87125a2a0d2f9be927a928077c0fd367,2026-05-01 17:52:46,4.5,True,True,True,E:\wechat\xwechat_files\wxid_y96utu6cuc6p22_a45e\msg\video\2026-05\87125a2a0d2f9be927a928077c0fd367.mp4,E:\wechat\xwechat_files\wxid_y96utu6cuc6p22_a45e\msg\video\2026-05\87125a2a0d2f9be927a928077c0fd367.jpg,E:\wechat\xwechat_files\wxid_y96utu6cuc6p22_a45e\msg\video\2026-05\87125a2a0d2f9be927a928077c0fd367_thumb.jpg
10,8d02ecd1b20894552d1eda2b4e32588b,2026-05-01 17:52:51,7.37,True,True,True,E:\wechat\xwechat_files\wxid_y96utu6cuc6p22_a45e\msg\video\2026-05\8d02ecd1b20894552d1eda2b4e32588b.mp4,E:\wechat\xwechat_files\wxid_y96utu6cuc6p22_a45e\msg\video\2026-05\8d02ecd1b20894552d1eda2b4e32588b.jpg,E:\wechat\xwechat_files\wxid_y96utu6cuc6p22_a45e\msg\video\2026-05\8d02ecd1b20894552d1eda2b4e32588b_thumb.jpg
11,049db99d93cd7bd5322bd1ca9a11b474,2026-05-01 17:52:57,4.33,True,True,True,E:\wechat\xwechat_files\wxid_y96utu6cuc6p22_a45e\msg\video\2026-05\049db99d93cd7bd5322bd1ca9a11b474.mp4,E:\wechat\xwechat_files\wxid_y96utu6cuc6p22_a45e\msg\video\2026-05\049db99d93cd7bd5322bd1ca9a11b474.jpg,E:\wechat\xwechat_files\wxid_y96utu6cuc6p22_a45e\msg\video\2026-05\049db99d93cd7bd5322bd1ca9a11b474_thumb.jpg
12,8e02080bb5891751f356e8ca27a95660,2026-05-01 17:53:04,8.13,True,True,True,E:\wechat\xwechat_files\wxid_y96utu6cuc6p22_a45e\msg\video\2026-05\8e02080bb5891751f356e8ca27a95660.mp4,E:\wechat\xwechat_files\wxid_y96utu6cuc6p22_a45e\msg\video\2026-05\8e02080bb5891751f356e8ca27a95660.jpg,E:\wechat\xwechat_files\wxid_y96utu6cuc6p22_a45e\msg\video\2026-05\8e02080bb5891751f356e8ca27a95660_thumb.jpg
13,ddabbe8b50196e85609ae34329ccca8b,2026-05-01 17:53:11,7.93,True,True,True,E:\wechat\xwechat_files\wxid_y96utu6cuc6p22_a45e\msg\video\2026-05\ddabbe8b50196e85609ae34329ccca8b.mp4,E:\wechat\xwechat_files\wxid_y96utu6cuc6p22_a45e\msg\video\2026-05\ddabbe8b50196e85609ae34329ccca8b.jpg,E:\wechat\xwechat_files\wxid_y96utu6cuc6p22_a45e\msg\video\2026-05\ddabbe8b50196e85609ae34329ccca8b_thumb.jpg
14,42baabb5bc0e395dd04219680b14a138,2026-05-01 17:53:17,6.97,True,True,True,E:\wechat\xwechat_files\wxid_y96utu6cuc6p22_a45e\msg\video\2026-05\42baabb5bc0e395dd04219680b14a138.mp4,E:\wechat\xwechat_files\wxid_y96utu6cuc6p22_a45e\msg\video\2026-05\42baabb5bc0e395dd04219680b14a138.jpg,E:\wechat\xwechat_files\wxid_y96utu6cuc6p22_a45e\msg\video\2026-05\42baabb5bc0e395dd04219680b14a138_thumb.jpg
15,61ef0126a57d13957383bfbaad6d30b7,2026-05-01 17:55:40,6.97,True,True,True,E:\wechat\xwechat_files\wxid_y96utu6cuc6p22_a45e\msg\video\2026-05\61ef0126a57d13957383bfbaad6d30b7.mp4,E:\wechat\xwechat_files\wxid_y96utu6cuc6p22_a45e\msg\video\2026-05\61ef0126a57d13957383bfbaad6d30b7.jpg,E:\wechat\xwechat_files\wxid_y96utu6cuc6p22_a45e\msg\video\2026-05\61ef0126a57d13957383bfbaad6d30b7_thumb.jpg
16,2e80a11a9b29ecd6077bb4e2921b4127,2026-05-01 18:04:41,10.73,True,True,True,E:\wechat\xwechat_files\wxid_y96utu6cuc6p22_a45e\msg\video\2026-05\2e80a11a9b29ecd6077bb4e2921b4127.mp4,E:\wechat\xwechat_files\wxid_y96utu6cuc6p22_a45e\msg\video\2026-05\2e80a11a9b29ecd6077bb4e2921b4127.jpg,E:\wechat\xwechat_files\wxid_y96utu6cuc6p22_a45e\msg\video\2026-05\2e80a11a9b29ecd6077bb4e2921b4127_thumb.jpg
17,814c42a7be134eccd822135d4080e115,2026-05-01 18:04:45,6.77,True,True,True,E:\wechat\xwechat_files\wxid_y96utu6cuc6p22_a45e\msg\video\2026-05\814c42a7be134eccd822135d4080e115.mp4,E:\wechat\xwechat_files\wxid_y96utu6cuc6p22_a45e\msg\video\2026-05\814c42a7be134eccd822135d4080e115.jpg,E:\wechat\xwechat_files\wxid_y96utu6cuc6p22_a45e\msg\video\2026-05\814c42a7be134eccd822135d4080e115_thumb.jpg
18,d4a7d8584c9f27a7a6c03b4c8f40495e,2026-05-01 18:04:51,13.17,True,True,True,E:\wechat\xwechat_files\wxid_y96utu6cuc6p22_a45e\msg\video\2026-05\d4a7d8584c9f27a7a6c03b4c8f40495e.mp4,E:\wechat\xwechat_files\wxid_y96utu6cuc6p22_a45e\msg\video\2026-05\d4a7d8584c9f27a7a6c03b4c8f40495e.jpg,E:\wechat\xwechat_files\wxid_y96utu6cuc6p22_a45e\msg\video\2026-05\d4a7d8584c9f27a7a6c03b4c8f40495e_thumb.jpg
19,e95805c7f415771bce8428494199b770,2026-05-01 18:04:55,10.9,True,True,True,E:\wechat\xwechat_files\wxid_y96utu6cuc6p22_a45e\msg\video\2026-05\e95805c7f415771bce8428494199b770.mp4,E:\wechat\xwechat_files\wxid_y96utu6cuc6p22_a45e\msg\video\2026-05\e95805c7f415771bce8428494199b770.jpg,E:\wechat\xwechat_files\wxid_y96utu6cuc6p22_a45e\msg\video\2026-05\e95805c7f415771bce8428494199b770_thumb.jpg
20,6f1937780dca16a3bd57cb2febcb24bf,2026-05-01 18:04:58,3.1,True,True,True,E:\wechat\xwechat_files\wxid_y96utu6cuc6p22_a45e\msg\video\2026-05\6f1937780dca16a3bd57cb2febcb24bf.mp4,E:\wechat\xwechat_files\wxid_y96utu6cuc6p22_a45e\msg\video\2026-05\6f1937780dca16a3bd57cb2febcb24bf.jpg,E:\wechat\xwechat_files\wxid_y96utu6cuc6p22_a45e\msg\video\2026-05\6f1937780dca16a3bd57cb2febcb24bf_thumb.jpg
21,714846817e2a1f873fb2012621036e60,2026-05-01 18:05:02,13.17,True,True,True,E:\wechat\xwechat_files\wxid_y96utu6cuc6p22_a45e\msg\video\2026-05\714846817e2a1f873fb2012621036e60.mp4,E:\wechat\xwechat_files\wxid_y96utu6cuc6p22_a45e\msg\video\2026-05\714846817e2a1f873fb2012621036e60.jpg,E:\wechat\xwechat_files\wxid_y96utu6cuc6p22_a45e\msg\video\2026-05\714846817e2a1f873fb2012621036e60_thumb.jpg
22,f1ad5ee37f271706d5a648440a65c389,2026-05-01 18:05:07,8.73,True,True,True,E:\wechat\xwechat_files\wxid_y96utu6cuc6p22_a45e\msg\video\2026-05\f1ad5ee37f271706d5a648440a65c389.mp4,E:\wechat\xwechat_files\wxid_y96utu6cuc6p22_a45e\msg\video\2026-05\f1ad5ee37f271706d5a648440a65c389.jpg,E:\wechat\xwechat_files\wxid_y96utu6cuc6p22_a45e\msg\video\2026-05\f1ad5ee37f271706d5a648440a65c389_thumb.jpg
23,d180ec76e0ee73f52965ab38cc2bcc0c,2026-05-01 18:05:11,8.13,True,True,True,E:\wechat\xwechat_files\wxid_y96utu6cuc6p22_a45e\msg\video\2026-05\d180ec76e0ee73f52965ab38cc2bcc0c.mp4,E:\wechat\xwechat_files\wxid_y96utu6cuc6p22_a45e\msg\video\2026-05\d180ec76e0ee73f52965ab38cc2bcc0c.jpg,E:\wechat\xwechat_files\wxid_y96utu6cuc6p22_a45e\msg\video\2026-05\d180ec76e0ee73f52965ab38cc2bcc0c_thumb.jpg
24,abacc2df6de81ca8fab0abda20367748,2026-05-01 18:05:13,7.67,True,True,True,E:\wechat\xwechat_files\wxid_y96utu6cuc6p22_a45e\msg\video\2026-05\abacc2df6de81ca8fab0abda20367748.mp4,E:\wechat\xwechat_files\wxid_y96utu6cuc6p22_a45e\msg\video\2026-05\abacc2df6de81ca8fab0abda20367748.jpg,E:\wechat\xwechat_files\wxid_y96utu6cuc6p22_a45e\msg\video\2026-05\abacc2df6de81ca8fab0abda20367748_thumb.jpg
25,28cc8676627b3cae9b425cd723add170,2026-05-01 18:05:20,13.5,True,True,True,E:\wechat\xwechat_files\wxid_y96utu6cuc6p22_a45e\msg\video\2026-05\28cc8676627b3cae9b425cd723add170.mp4,E:\wechat\xwechat_files\wxid_y96utu6cuc6p22_a45e\msg\video\2026-05\28cc8676627b3cae9b425cd723add170.jpg,E:\wechat\xwechat_files\wxid_y96utu6cuc6p22_a45e\msg\video\2026-05\28cc8676627b3cae9b425cd723add170_thumb.jpg
26,648de7cfb24b5cac98eb10d77078f5e5,2026-05-01 18:05:24,6.0,True,True,True,E:\wechat\xwechat_files\wxid_y96utu6cuc6p22_a45e\msg\video\2026-05\648de7cfb24b5cac98eb10d77078f5e5.mp4,E:\wechat\xwechat_files\wxid_y96utu6cuc6p22_a45e\msg\video\2026-05\648de7cfb24b5cac98eb10d77078f5e5.jpg,E:\wechat\xwechat_files\wxid_y96utu6cuc6p22_a45e\msg\video\2026-05\648de7cfb24b5cac98eb10d77078f5e5_thumb.jpg
27,2fe7dfa80e9a33536cb81d72efbb8ae8,2026-05-01 18:05:36,14.53,True,True,True,E:\wechat\xwechat_files\wxid_y96utu6cuc6p22_a45e\msg\video\2026-05\2fe7dfa80e9a33536cb81d72efbb8ae8.mp4,E:\wechat\xwechat_files\wxid_y96utu6cuc6p22_a45e\msg\video\2026-05\2fe7dfa80e9a33536cb81d72efbb8ae8.jpg,E:\wechat\xwechat_files\wxid_y96utu6cuc6p22_a45e\msg\video\2026-05\2fe7dfa80e9a33536cb81d72efbb8ae8_thumb.jpg
28,9415435955c310e12458d86687e7ff2d,2026-05-01 18:07:17,25.77,True,True,True,E:\wechat\xwechat_files\wxid_y96utu6cuc6p22_a45e\msg\video\2026-05\9415435955c310e12458d86687e7ff2d.mp4,E:\wechat\xwechat_files\wxid_y96utu6cuc6p22_a45e\msg\video\2026-05\9415435955c310e12458d86687e7ff2d.jpg,E:\wechat\xwechat_files\wxid_y96utu6cuc6p22_a45e\msg\video\2026-05\9415435955c310e12458d86687e7ff2d_thumb.jpg
29,a346f756e21d3168de9e2587cd799bda,2026-05-01 18:07:23,5.5,True,True,True,E:\wechat\xwechat_files\wxid_y96utu6cuc6p22_a45e\msg\video\2026-05\a346f756e21d3168de9e2587cd799bda.mp4,E:\wechat\xwechat_files\wxid_y96utu6cuc6p22_a45e\msg\video\2026-05\a346f756e21d3168de9e2587cd799bda.jpg,E:\wechat\xwechat_files\wxid_y96utu6cuc6p22_a45e\msg\video\2026-05\a346f756e21d3168de9e2587cd799bda_thumb.jpg
30,c0c54473bb6c6d5120b3d006c53c6610,2026-05-01 18:07:33,27.33,True,True,True,E:\wechat\xwechat_files\wxid_y96utu6cuc6p22_a45e\msg\video\2026-05\c0c54473bb6c6d5120b3d006c53c6610.mp4,E:\wechat\xwechat_files\wxid_y96utu6cuc6p22_a45e\msg\video\2026-05\c0c54473bb6c6d5120b3d006c53c6610.jpg,E:\wechat\xwechat_files\wxid_y96utu6cuc6p22_a45e\msg\video\2026-05\c0c54473bb6c6d5120b3d006c53c6610_thumb.jpg
31,c4f86bf6e6deb213e85c9e9e19efa7b8,2026-05-01 18:07:38,10.9,True,True,True,E:\wechat\xwechat_files\wxid_y96utu6cuc6p22_a45e\msg\video\2026-05\c4f86bf6e6deb213e85c9e9e19efa7b8.mp4,E:\wechat\xwechat_files\wxid_y96utu6cuc6p22_a45e\msg\video\2026-05\c4f86bf6e6deb213e85c9e9e19efa7b8.jpg,E:\wechat\xwechat_files\wxid_y96utu6cuc6p22_a45e\msg\video\2026-05\c4f86bf6e6deb213e85c9e9e19efa7b8_thumb.jpg
32,4f64df9386f36740698e0c98d9233b09,2026-05-01 18:07:44,7.5,True,True,True,E:\wechat\xwechat_files\wxid_y96utu6cuc6p22_a45e\msg\video\2026-05\4f64df9386f36740698e0c98d9233b09.mp4,E:\wechat\xwechat_files\wxid_y96utu6cuc6p22_a45e\msg\video\2026-05\4f64df9386f36740698e0c98d9233b09.jpg,E:\wechat\xwechat_files\wxid_y96utu6cuc6p22_a45e\msg\video\2026-05\4f64df9386f36740698e0c98d9233b09_thumb.jpg
33,778c916079308ff9acdc93ddfcf7cf73,2026-05-01 18:07:51,4.87,True,True,True,E:\wechat\xwechat_files\wxid_y96utu6cuc6p22_a45e\msg\video\2026-05\778c916079308ff9acdc93ddfcf7cf73.mp4,E:\wechat\xwechat_files\wxid_y96utu6cuc6p22_a45e\msg\video\2026-05\778c916079308ff9acdc93ddfcf7cf73.jpg,E:\wechat\xwechat_files\wxid_y96utu6cuc6p22_a45e\msg\video\2026-05\778c916079308ff9acdc93ddfcf7cf73_thumb.jpg
34,8743118f5b2b5635e09746a943b1655a,2026-05-01 18:07:54,6.77,True,True,True,E:\wechat\xwechat_files\wxid_y96utu6cuc6p22_a45e\msg\video\2026-05\8743118f5b2b5635e09746a943b1655a.mp4,E:\wechat\xwechat_files\wxid_y96utu6cuc6p22_a45e\msg\video\2026-05\8743118f5b2b5635e09746a943b1655a.jpg,E:\wechat\xwechat_files\wxid_y96utu6cuc6p22_a45e\msg\video\2026-05\8743118f5b2b5635e09746a943b1655a_thumb.jpg
35,2e7d284b778c9135135deda91b555358,2026-05-01 18:08:02,14.2,True,True,True,E:\wechat\xwechat_files\wxid_y96utu6cuc6p22_a45e\msg\video\2026-05\2e7d284b778c9135135deda91b555358.mp4,E:\wechat\xwechat_files\wxid_y96utu6cuc6p22_a45e\msg\video\2026-05\2e7d284b778c9135135deda91b555358.jpg,E:\wechat\xwechat_files\wxid_y96utu6cuc6p22_a45e\msg\video\2026-05\2e7d284b778c9135135deda91b555358_thumb.jpg
36,d32da860661c72cd9f5e753ce85cb7ae,2026-05-01 18:08:05,8.37,True,True,True,E:\wechat\xwechat_files\wxid_y96utu6cuc6p22_a45e\msg\video\2026-05\d32da860661c72cd9f5e753ce85cb7ae.mp4,E:\wechat\xwechat_files\wxid_y96utu6cuc6p22_a45e\msg\video\2026-05\d32da860661c72cd9f5e753ce85cb7ae.jpg,E:\wechat\xwechat_files\wxid_y96utu6cuc6p22_a45e\msg\video\2026-05\d32da860661c72cd9f5e753ce85cb7ae_thumb.jpg
37,3070b1364c2b03173ca606e2cf408ab6,2026-05-01 18:08:11,3.6,True,True,True,E:\wechat\xwechat_files\wxid_y96utu6cuc6p22_a45e\msg\video\2026-05\3070b1364c2b03173ca606e2cf408ab6.mp4,E:\wechat\xwechat_files\wxid_y96utu6cuc6p22_a45e\msg\video\2026-05\3070b1364c2b03173ca606e2cf408ab6.jpg,E:\wechat\xwechat_files\wxid_y96utu6cuc6p22_a45e\msg\video\2026-05\3070b1364c2b03173ca606e2cf408ab6_thumb.jpg
38,8b87a1b55d2eb1fb1a6f74e0ea743306,2026-05-01 18:08:14,5.13,True,True,True,E:\wechat\xwechat_files\wxid_y96utu6cuc6p22_a45e\msg\video\2026-05\8b87a1b55d2eb1fb1a6f74e0ea743306.mp4,E:\wechat\xwechat_files\wxid_y96utu6cuc6p22_a45e\msg\video\2026-05\8b87a1b55d2eb1fb1a6f74e0ea743306.jpg,E:\wechat\xwechat_files\wxid_y96utu6cuc6p22_a45e\msg\video\2026-05\8b87a1b55d2eb1fb1a6f74e0ea743306_thumb.jpg
39,80c1263caa12bc78eee9956e82bd07a7,2026-05-01 18:08:26,8.53,True,True,True,E:\wechat\xwechat_files\wxid_y96utu6cuc6p22_a45e\msg\video\2026-05\80c1263caa12bc78eee9956e82bd07a7.mp4,E:\wechat\xwechat_files\wxid_y96utu6cuc6p22_a45e\msg\video\2026-05\80c1263caa12bc78eee9956e82bd07a7.jpg,E:\wechat\xwechat_files\wxid_y96utu6cuc6p22_a45e\msg\video\2026-05\80c1263caa12bc78eee9956e82bd07a7_thumb.jpg
40,2da402de799bbd29fb607f81498d3bea,2026-05-01 18:14:33,30.87,True,True,True,E:\wechat\xwechat_files\wxid_y96utu6cuc6p22_a45e\msg\video\2026-05\2da402de799bbd29fb607f81498d3bea.mp4,E:\wechat\xwechat_files\wxid_y96utu6cuc6p22_a45e\msg\video\2026-05\2da402de799bbd29fb607f81498d3bea.jpg,E:\wechat\xwechat_files\wxid_y96utu6cuc6p22_a45e\msg\video\2026-05\2da402de799bbd29fb607f81498d3bea_thumb.jpg
41,e8b0fe36cd16716c41d65a53a82302ec,2026-05-01 18:14:36,7.7,True,True,True,E:\wechat\xwechat_files\wxid_y96utu6cuc6p22_a45e\msg\video\2026-05\e8b0fe36cd16716c41d65a53a82302ec.mp4,E:\wechat\xwechat_files\wxid_y96utu6cuc6p22_a45e\msg\video\2026-05\e8b0fe36cd16716c41d65a53a82302ec.jpg,E:\wechat\xwechat_files\wxid_y96utu6cuc6p22_a45e\msg\video\2026-05\e8b0fe36cd16716c41d65a53a82302ec_thumb.jpg
42,ec288df7f1c16bd3a48180996f0764fa,2026-05-01 18:14:38,3.37,True,True,True,E:\wechat\xwechat_files\wxid_y96utu6cuc6p22_a45e\msg\video\2026-05\ec288df7f1c16bd3a48180996f0764fa.mp4,E:\wechat\xwechat_files\wxid_y96utu6cuc6p22_a45e\msg\video\2026-05\ec288df7f1c16bd3a48180996f0764fa.jpg,E:\wechat\xwechat_files\wxid_y96utu6cuc6p22_a45e\msg\video\2026-05\ec288df7f1c16bd3a48180996f0764fa_thumb.jpg
43,4138f571f72019347ba7504f64f8b0b8,2026-05-01 18:14:42,5.87,True,True,True,E:\wechat\xwechat_files\wxid_y96utu6cuc6p22_a45e\msg\video\2026-05\4138f571f72019347ba7504f64f8b0b8.mp4,E:\wechat\xwechat_files\wxid_y96utu6cuc6p22_a45e\msg\video\2026-05\4138f571f72019347ba7504f64f8b0b8.jpg,E:\wechat\xwechat_files\wxid_y96utu6cuc6p22_a45e\msg\video\2026-05\4138f571f72019347ba7504f64f8b0b8_thumb.jpg
44,2400ae18b5ac14720e2c9ca97ed5e8fc,2026-05-01 18:14:46,9.53,True,True,True,E:\wechat\xwechat_files\wxid_y96utu6cuc6p22_a45e\msg\video\2026-05\2400ae18b5ac14720e2c9ca97ed5e8fc.mp4,E:\wechat\xwechat_files\wxid_y96utu6cuc6p22_a45e\msg\video\2026-05\2400ae18b5ac14720e2c9ca97ed5e8fc.jpg,E:\wechat\xwechat_files\wxid_y96utu6cuc6p22_a45e\msg\video\2026-05\2400ae18b5ac14720e2c9ca97ed5e8fc_thumb.jpg
45,e337e43337b64d737aae9f05f06e1f77,2026-05-01 18:14:49,3.4,True,True,True,E:\wechat\xwechat_files\wxid_y96utu6cuc6p22_a45e\msg\video\2026-05\e337e43337b64d737aae9f05f06e1f77.mp4,E:\wechat\xwechat_files\wxid_y96utu6cuc6p22_a45e\msg\video\2026-05\e337e43337b64d737aae9f05f06e1f77.jpg,E:\wechat\xwechat_files\wxid_y96utu6cuc6p22_a45e\msg\video\2026-05\e337e43337b64d737aae9f05f06e1f77_thumb.jpg
46,b83a286ad0fe52c38931f11e596b191b,2026-05-01 18:20:00,11.2,True,True,True,E:\wechat\xwechat_files\wxid_y96utu6cuc6p22_a45e\msg\video\2026-05\b83a286ad0fe52c38931f11e596b191b.mp4,E:\wechat\xwechat_files\wxid_y96utu6cuc6p22_a45e\msg\video\2026-05\b83a286ad0fe52c38931f11e596b191b.jpg,E:\wechat\xwechat_files\wxid_y96utu6cuc6p22_a45e\msg\video\2026-05\b83a286ad0fe52c38931f11e596b191b_thumb.jpg
47,55449f8745db030caf5fb915d62ed97f,2026-05-01 18:20:02,11.31,True,True,True,E:\wechat\xwechat_files\wxid_y96utu6cuc6p22_a45e\msg\video\2026-05\55449f8745db030caf5fb915d62ed97f.mp4,E:\wechat\xwechat_files\wxid_y96utu6cuc6p22_a45e\msg\video\2026-05\55449f8745db030caf5fb915d62ed97f.jpg,E:\wechat\xwechat_files\wxid_y96utu6cuc6p22_a45e\msg\video\2026-05\55449f8745db030caf5fb915d62ed97f_thumb.jpg
48,70cdd3d159d9b99822f356d9b664e04a,2026-05-01 18:20:05,,False,False,True,,,E:\wechat\xwechat_files\wxid_y96utu6cuc6p22_a45e\msg\video\2026-05\70cdd3d159d9b99822f356d9b664e04a_thumb.jpg
49,f7763132bc683d7d47545755f9d92c31,2026-05-01 18:20:06,14.0,True,True,True,E:\wechat\xwechat_files\wxid_y96utu6cuc6p22_a45e\msg\video\2026-05\f7763132bc683d7d47545755f9d92c31.mp4,E:\wechat\xwechat_files\wxid_y96utu6cuc6p22_a45e\msg\video\2026-05\f7763132bc683d7d47545755f9d92c31.jpg,E:\wechat\xwechat_files\wxid_y96utu6cuc6p22_a45e\msg\video\2026-05\f7763132bc683d7d47545755f9d92c31_thumb.jpg
50,e665204355decadb8c18c60350108a14,2026-05-01 18:20:06,7.13,True,True,True,E:\wechat\xwechat_files\wxid_y96utu6cuc6p22_a45e\msg\video\2026-05\e665204355decadb8c18c60350108a14.mp4,E:\wechat\xwechat_files\wxid_y96utu6cuc6p22_a45e\msg\video\2026-05\e665204355decadb8c18c60350108a14.jpg,E:\wechat\xwechat_files\wxid_y96utu6cuc6p22_a45e\msg\video\2026-05\e665204355decadb8c18c60350108a14_thumb.jpg
51,7689f2b4b860c0f60e97352df09049c1,2026-05-01 18:20:07,10.47,True,True,True,E:\wechat\xwechat_files\wxid_y96utu6cuc6p22_a45e\msg\video\2026-05\7689f2b4b860c0f60e97352df09049c1.mp4,E:\wechat\xwechat_files\wxid_y96utu6cuc6p22_a45e\msg\video\2026-05\7689f2b4b860c0f60e97352df09049c1.jpg,E:\wechat\xwechat_files\wxid_y96utu6cuc6p22_a45e\msg\video\2026-05\7689f2b4b860c0f60e97352df09049c1_thumb.jpg
52,4859d6ef3b28fc1a1148ad7ebe7bce21,2026-05-01 18:20:11,62.19,True,True,True,E:\wechat\xwechat_files\wxid_y96utu6cuc6p22_a45e\msg\video\2026-05\4859d6ef3b28fc1a1148ad7ebe7bce21.mp4,E:\wechat\xwechat_files\wxid_y96utu6cuc6p22_a45e\msg\video\2026-05\4859d6ef3b28fc1a1148ad7ebe7bce21.jpg,E:\wechat\xwechat_files\wxid_y96utu6cuc6p22_a45e\msg\video\2026-05\4859d6ef3b28fc1a1148ad7ebe7bce21_thumb.jpg
53,83f841b620b0d886d056b45d3bb535cd,2026-05-01 18:20:13,63.21,True,True,True,E:\wechat\xwechat_files\wxid_y96utu6cuc6p22_a45e\msg\video\2026-05\83f841b620b0d886d056b45d3bb535cd.mp4,E:\wechat\xwechat_files\wxid_y96utu6cuc6p22_a45e\msg\video\2026-05\83f841b620b0d886d056b45d3bb535cd.jpg,E:\wechat\xwechat_files\wxid_y96utu6cuc6p22_a45e\msg\video\2026-05\83f841b620b0d886d056b45d3bb535cd_thumb.jpg
54,aed1d90b0021e193c6a8cd427fc98f70,2026-05-01 18:20:14,20.23,True,True,True,E:\wechat\xwechat_files\wxid_y96utu6cuc6p22_a45e\msg\video\2026-05\aed1d90b0021e193c6a8cd427fc98f70.mp4,E:\wechat\xwechat_files\wxid_y96utu6cuc6p22_a45e\msg\video\2026-05\aed1d90b0021e193c6a8cd427fc98f70.jpg,E:\wechat\xwechat_files\wxid_y96utu6cuc6p22_a45e\msg\video\2026-05\aed1d90b0021e193c6a8cd427fc98f70_thumb.jpg
55,02538c6f575ca280002d5abf7e9ed623,2026-05-01 18:29:20,7.13,True,True,True,E:\wechat\xwechat_files\wxid_y96utu6cuc6p22_a45e\msg\video\2026-05\02538c6f575ca280002d5abf7e9ed623.mp4,E:\wechat\xwechat_files\wxid_y96utu6cuc6p22_a45e\msg\video\2026-05\02538c6f575ca280002d5abf7e9ed623.jpg,E:\wechat\xwechat_files\wxid_y96utu6cuc6p22_a45e\msg\video\2026-05\02538c6f575ca280002d5abf7e9ed623_thumb.jpg
56,daecd0d8b8808c8be680f6b708135876,2026-05-01 18:29:58,11.2,True,True,True,E:\wechat\xwechat_files\wxid_y96utu6cuc6p22_a45e\msg\video\2026-05\daecd0d8b8808c8be680f6b708135876.mp4,E:\wechat\xwechat_files\wxid_y96utu6cuc6p22_a45e\msg\video\2026-05\daecd0d8b8808c8be680f6b708135876.jpg,E:\wechat\xwechat_files\wxid_y96utu6cuc6p22_a45e\msg\video\2026-05\daecd0d8b8808c8be680f6b708135876_thumb.jpg
57,faafee070309633018099fccfa926ff8,2026-05-01 18:30:01,3.07,True,True,True,E:\wechat\xwechat_files\wxid_y96utu6cuc6p22_a45e\msg\video\2026-05\faafee070309633018099fccfa926ff8.mp4,E:\wechat\xwechat_files\wxid_y96utu6cuc6p22_a45e\msg\video\2026-05\faafee070309633018099fccfa926ff8.jpg,E:\wechat\xwechat_files\wxid_y96utu6cuc6p22_a45e\msg\video\2026-05\faafee070309633018099fccfa926ff8_thumb.jpg
58,942cb5784e24cda947f9da12b32cd241,2026-05-01 18:30:09,15.87,True,True,True,E:\wechat\xwechat_files\wxid_y96utu6cuc6p22_a45e\msg\video\2026-05\942cb5784e24cda947f9da12b32cd241.mp4,E:\wechat\xwechat_files\wxid_y96utu6cuc6p22_a45e\msg\video\2026-05\942cb5784e24cda947f9da12b32cd241.jpg,E:\wechat\xwechat_files\wxid_y96utu6cuc6p22_a45e\msg\video\2026-05\942cb5784e24cda947f9da12b32cd241_thumb.jpg
59,218a4e2427f045e3f4b733c9fb9220d3,2026-05-01 18:30:20,11.31,True,True,True,E:\wechat\xwechat_files\wxid_y96utu6cuc6p22_a45e\msg\video\2026-05\218a4e2427f045e3f4b733c9fb9220d3.mp4,E:\wechat\xwechat_files\wxid_y96utu6cuc6p22_a45e\msg\video\2026-05\218a4e2427f045e3f4b733c9fb9220d3.jpg,E:\wechat\xwechat_files\wxid_y96utu6cuc6p22_a45e\msg\video\2026-05\218a4e2427f045e3f4b733c9fb9220d3_thumb.jpg
60,7382a51ca636f1c265dd8e396c4c3b89,2026-05-01 18:37:20,21.8,True,True,True,E:\wechat\xwechat_files\wxid_y96utu6cuc6p22_a45e\msg\video\2026-05\7382a51ca636f1c265dd8e396c4c3b89.mp4,E:\wechat\xwechat_files\wxid_y96utu6cuc6p22_a45e\msg\video\2026-05\7382a51ca636f1c265dd8e396c4c3b89.jpg,E:\wechat\xwechat_files\wxid_y96utu6cuc6p22_a45e\msg\video\2026-05\7382a51ca636f1c265dd8e396c4c3b89_thumb.jpg
61,e6b93ad1ae398590a7aacb88906e90ed,2026-05-01 18:37:27,8.17,True,True,True,E:\wechat\xwechat_files\wxid_y96utu6cuc6p22_a45e\msg\video\2026-05\e6b93ad1ae398590a7aacb88906e90ed.mp4,E:\wechat\xwechat_files\wxid_y96utu6cuc6p22_a45e\msg\video\2026-05\e6b93ad1ae398590a7aacb88906e90ed.jpg,E:\wechat\xwechat_files\wxid_y96utu6cuc6p22_a45e\msg\video\2026-05\e6b93ad1ae398590a7aacb88906e90ed_thumb.jpg
62,f6ceb37beb4e90d4973b3e2f2b50f66e,2026-05-01 18:37:34,7.67,True,True,True,E:\wechat\xwechat_files\wxid_y96utu6cuc6p22_a45e\msg\video\2026-05\f6ceb37beb4e90d4973b3e2f2b50f66e.mp4,E:\wechat\xwechat_files\wxid_y96utu6cuc6p22_a45e\msg\video\2026-05\f6ceb37beb4e90d4973b3e2f2b50f66e.jpg,E:\wechat\xwechat_files\wxid_y96utu6cuc6p22_a45e\msg\video\2026-05\f6ceb37beb4e90d4973b3e2f2b50f66e_thumb.jpg
63,23d41389ea978113c9c324684635c434,2026-05-01 18:37:38,5.77,True,True,True,E:\wechat\xwechat_files\wxid_y96utu6cuc6p22_a45e\msg\video\2026-05\23d41389ea978113c9c324684635c434.mp4,E:\wechat\xwechat_files\wxid_y96utu6cuc6p22_a45e\msg\video\2026-05\23d41389ea978113c9c324684635c434.jpg,E:\wechat\xwechat_files\wxid_y96utu6cuc6p22_a45e\msg\video\2026-05\23d41389ea978113c9c324684635c434_thumb.jpg
64,a19516304bc04823c5aa244d0284ec26,2026-05-01 18:37:42,2.53,True,True,True,E:\wechat\xwechat_files\wxid_y96utu6cuc6p22_a45e\msg\video\2026-05\a19516304bc04823c5aa244d0284ec26.mp4,E:\wechat\xwechat_files\wxid_y96utu6cuc6p22_a45e\msg\video\2026-05\a19516304bc04823c5aa244d0284ec26.jpg,E:\wechat\xwechat_files\wxid_y96utu6cuc6p22_a45e\msg\video\2026-05\a19516304bc04823c5aa244d0284ec26_thumb.jpg
65,f7c3c2b349b0e35a7b786c11fd140c3b,2026-05-01 18:37:47,6.87,True,True,True,E:\wechat\xwechat_files\wxid_y96utu6cuc6p22_a45e\msg\video\2026-05\f7c3c2b349b0e35a7b786c11fd140c3b.mp4,E:\wechat\xwechat_files\wxid_y96utu6cuc6p22_a45e\msg\video\2026-05\f7c3c2b349b0e35a7b786c11fd140c3b.jpg,E:\wechat\xwechat_files\wxid_y96utu6cuc6p22_a45e\msg\video\2026-05\f7c3c2b349b0e35a7b786c11fd140c3b_thumb.jpg
66,dad3d608741b9dcbc24dd16c197c5cbb,2026-05-01 18:38:32,62.19,True,True,True,E:\wechat\xwechat_files\wxid_y96utu6cuc6p22_a45e\msg\video\2026-05\dad3d608741b9dcbc24dd16c197c5cbb.mp4,E:\wechat\xwechat_files\wxid_y96utu6cuc6p22_a45e\msg\video\2026-05\dad3d608741b9dcbc24dd16c197c5cbb.jpg,E:\wechat\xwechat_files\wxid_y96utu6cuc6p22_a45e\msg\video\2026-05\dad3d608741b9dcbc24dd16c197c5cbb_thumb.jpg
67,05f292c327bd094405b9ae023c3c72de,2026-05-01 18:38:38,14.0,True,True,True,E:\wechat\xwechat_files\wxid_y96utu6cuc6p22_a45e\msg\video\2026-05\05f292c327bd094405b9ae023c3c72de.mp4,E:\wechat\xwechat_files\wxid_y96utu6cuc6p22_a45e\msg\video\2026-05\05f292c327bd094405b9ae023c3c72de.jpg,E:\wechat\xwechat_files\wxid_y96utu6cuc6p22_a45e\msg\video\2026-05\05f292c327bd094405b9ae023c3c72de_thumb.jpg
68,630f8f03365f1ef74b9c59ce1d57c5d2,2026-05-01 18:41:02,63.21,True,True,True,E:\wechat\xwechat_files\wxid_y96utu6cuc6p22_a45e\msg\video\2026-05\630f8f03365f1ef74b9c59ce1d57c5d2.mp4,E:\wechat\xwechat_files\wxid_y96utu6cuc6p22_a45e\msg\video\2026-05\630f8f03365f1ef74b9c59ce1d57c5d2.jpg,E:\wechat\xwechat_files\wxid_y96utu6cuc6p22_a45e\msg\video\2026-05\630f8f03365f1ef74b9c59ce1d57c5d2_thumb.jpg
69,767626cefa7ad43620c1b32a596d74a4,2026-05-01 18:53:45,4.87,True,True,True,E:\wechat\xwechat_files\wxid_y96utu6cuc6p22_a45e\msg\video\2026-05\767626cefa7ad43620c1b32a596d74a4.mp4,E:\wechat\xwechat_files\wxid_y96utu6cuc6p22_a45e\msg\video\2026-05\767626cefa7ad43620c1b32a596d74a4.jpg,E:\wechat\xwechat_files\wxid_y96utu6cuc6p22_a45e\msg\video\2026-05\767626cefa7ad43620c1b32a596d74a4_thumb.jpg
